OrderID;CustomerID;OrderDate;OrderValue
10248;VINET;7/4/1996 12:00:00 AM;32.38
10249;TOMSP;7/5/1996 12:00:00 AM;11.61
10250;HANAR;7/8/1996 12:00:00 AM;65.83
10251;VICTE;7/8/1996 12:00:00 AM;41.34
10252;SUPRD;7/9/1996 12:00:00 AM;51.30
10253;HANAR;7/10/1996 12:00:00 AM;58.17
10254;CHOPS;7/11/1996 12:00:00 AM;22.98
10255;RICSU;7/12/1996 12:00:00 AM;148.33
10256;WELLI;7/15/1996 12:00:00 AM;13.97
10257;HILAA;7/16/1996 12:00:00 AM;81.91
10258;ERNSH;7/17/1996 12:00:00 AM;140.51
10259;CENTC;7/18/1996 12:00:00 AM;3.25
10260;OTTIK;7/19/1996 12:00:00 AM;55.09
10261;QUEDE;7/19/1996 12:00:00 AM;3.05
10262;RATTC;7/22/1996 12:00:00 AM;48.29
10263;ERNSH;7/23/1996 12:00:00 AM;146.06
10264;FOLKO;7/24/1996 12:00:00 AM;3.67
10265;BLONP;7/25/1996 12:00:00 AM;55.28
10266;WARTH;7/26/1996 12:00:00 AM;25.73
10267;FRANK;7/29/1996 12:00:00 AM;208.58
10268;GROSR;7/30/1996 12:00:00 AM;66.29
10269;WHITC;7/31/1996 12:00:00 AM;4.56
10270;WARTH;8/1/1996 12:00:00 AM;136.54
10271;SPLIR;8/1/1996 12:00:00 AM;4.54
10272;RATTC;8/2/1996 12:00:00 AM;98.03
10273;QUICK;8/5/1996 12:00:00 AM;76.07
10274;VINET;8/6/1996 12:00:00 AM;6.01
10275;MAGAA;8/7/1996 12:00:00 AM;26.93
10276;TORTU;8/8/1996 12:00:00 AM;13.84
10277;MORGK;8/9/1996 12:00:00 AM;125.77
10278;BERGS;8/12/1996 12:00:00 AM;92.69
10279;LEHMS;8/13/1996 12:00:00 AM;25.83
10280;BERGS;8/14/1996 12:00:00 AM;8.98
10281;ROMEY;8/14/1996 12:00:00 AM;2.94
10282;ROMEY;8/15/1996 12:00:00 AM;12.69
10283;LILAS;8/16/1996 12:00:00 AM;84.81
10284;LEHMS;8/19/1996 12:00:00 AM;76.56
10285;QUICK;8/20/1996 12:00:00 AM;76.83
10286;QUICK;8/21/1996 12:00:00 AM;229.24
10287;RICAR;8/22/1996 12:00:00 AM;12.76
10288;REGGC;8/23/1996 12:00:00 AM;7.45
10289;BSBEV;8/26/1996 12:00:00 AM;22.77
10290;COMMI;8/27/1996 12:00:00 AM;79.70
10291;QUEDE;8/27/1996 12:00:00 AM;6.40
10292;TRADH;8/28/1996 12:00:00 AM;1.35
10293;TORTU;8/29/1996 12:00:00 AM;21.18
10294;RATTC;8/30/1996 12:00:00 AM;147.26
10295;VINET;9/2/1996 12:00:00 AM;1.15
10296;LILAS;9/3/1996 12:00:00 AM;0.12
10297;BLONP;9/4/1996 12:00:00 AM;5.74
10298;HUNGO;9/5/1996 12:00:00 AM;168.22
10299;RICAR;9/6/1996 12:00:00 AM;29.76
10300;MAGAA;9/9/1996 12:00:00 AM;17.68
10301;WANDK;9/9/1996 12:00:00 AM;45.08
10302;SUPRD;9/10/1996 12:00:00 AM;6.27
10303;GODOS;9/11/1996 12:00:00 AM;107.83
10304;TORTU;9/12/1996 12:00:00 AM;63.79
10305;OLDWO;9/13/1996 12:00:00 AM;257.62
10306;ROMEY;9/16/1996 12:00:00 AM;7.56
10307;LONEP;9/17/1996 12:00:00 AM;0.56
10308;ANATR;9/18/1996 12:00:00 AM;1.61
10309;HUNGO;9/19/1996 12:00:00 AM;47.30
10310;THEBI;9/20/1996 12:00:00 AM;17.52
10311;DUMON;9/20/1996 12:00:00 AM;24.69
10312;WANDK;9/23/1996 12:00:00 AM;40.26
10313;QUICK;9/24/1996 12:00:00 AM;1.96
10314;RATTC;9/25/1996 12:00:00 AM;74.16
10315;ISLAT;9/26/1996 12:00:00 AM;41.76
10316;RATTC;9/27/1996 12:00:00 AM;150.15
10317;LONEP;9/30/1996 12:00:00 AM;12.69
10318;ISLAT;10/1/1996 12:00:00 AM;4.73
10319;TORTU;10/2/1996 12:00:00 AM;64.50
10320;WARTH;10/3/1996 12:00:00 AM;34.57
10321;ISLAT;10/3/1996 12:00:00 AM;3.43
10322;PERIC;10/4/1996 12:00:00 AM;0.40
10323;KOENE;10/7/1996 12:00:00 AM;4.88
10324;SAVEA;10/8/1996 12:00:00 AM;214.27
10325;KOENE;10/9/1996 12:00:00 AM;64.86
10326;BOLID;10/10/1996 12:00:00 AM;77.92
10327;FOLKO;10/11/1996 12:00:00 AM;63.36
10328;FURIB;10/14/1996 12:00:00 AM;87.03
10329;SPLIR;10/15/1996 12:00:00 AM;191.67
10330;LILAS;10/16/1996 12:00:00 AM;12.75
10331;BONAP;10/16/1996 12:00:00 AM;10.19
10332;MEREP;10/17/1996 12:00:00 AM;52.84
10333;WARTH;10/18/1996 12:00:00 AM;0.59
10334;VICTE;10/21/1996 12:00:00 AM;8.56
10335;HUNGO;10/22/1996 12:00:00 AM;42.11
10336;PRINI;10/23/1996 12:00:00 AM;15.51
10337;FRANK;10/24/1996 12:00:00 AM;108.26
10338;OLDWO;10/25/1996 12:00:00 AM;84.21
10339;MEREP;10/28/1996 12:00:00 AM;15.66
10340;BONAP;10/29/1996 12:00:00 AM;166.31
10341;SIMOB;10/29/1996 12:00:00 AM;26.78
10342;FRANK;10/30/1996 12:00:00 AM;54.83
10343;LEHMS;10/31/1996 12:00:00 AM;110.37
10344;WHITC;11/1/1996 12:00:00 AM;23.29
10345;QUICK;11/4/1996 12:00:00 AM;249.06
10346;RATTC;11/5/1996 12:00:00 AM;142.08
10347;FAMIA;11/6/1996 12:00:00 AM;3.10
10348;WANDK;11/7/1996 12:00:00 AM;0.78
10349;SPLIR;11/8/1996 12:00:00 AM;8.63
10350;LAMAI;11/11/1996 12:00:00 AM;64.19
10351;ERNSH;11/11/1996 12:00:00 AM;162.33
10352;FURIB;11/12/1996 12:00:00 AM;1.30
10353;PICCO;11/13/1996 12:00:00 AM;360.63
10354;PERIC;11/14/1996 12:00:00 AM;53.80
10355;AROUT;11/15/1996 12:00:00 AM;41.95
10356;WANDK;11/18/1996 12:00:00 AM;36.71
10357;LILAS;11/19/1996 12:00:00 AM;34.88
10358;LAMAI;11/20/1996 12:00:00 AM;19.64
10359;SEVES;11/21/1996 12:00:00 AM;288.43
10360;BLONP;11/22/1996 12:00:00 AM;131.70
10361;QUICK;11/22/1996 12:00:00 AM;183.17
10362;BONAP;11/25/1996 12:00:00 AM;96.04
10363;DRACD;11/26/1996 12:00:00 AM;30.54
10364;EASTC;11/26/1996 12:00:00 AM;71.97
10365;ANTON;11/27/1996 12:00:00 AM;22.00
10366;GALED;11/28/1996 12:00:00 AM;10.14
10367;VAFFE;11/28/1996 12:00:00 AM;13.55
10368;ERNSH;11/29/1996 12:00:00 AM;101.95
10369;SPLIR;12/2/1996 12:00:00 AM;195.68
10370;CHOPS;12/3/1996 12:00:00 AM;1.17
10371;LAMAI;12/3/1996 12:00:00 AM;0.45
10372;QUEEN;12/4/1996 12:00:00 AM;890.78
10373;HUNGO;12/5/1996 12:00:00 AM;124.12
10374;WOLZA;12/5/1996 12:00:00 AM;3.94
10375;HUNGC;12/6/1996 12:00:00 AM;20.12
10376;MEREP;12/9/1996 12:00:00 AM;20.39
10377;SEVES;12/9/1996 12:00:00 AM;22.21
10378;FOLKO;12/10/1996 12:00:00 AM;5.44
10379;QUEDE;12/11/1996 12:00:00 AM;45.03
10380;HUNGO;12/12/1996 12:00:00 AM;35.03
10381;LILAS;12/12/1996 12:00:00 AM;7.99
10382;ERNSH;12/13/1996 12:00:00 AM;94.77
10383;AROUT;12/16/1996 12:00:00 AM;34.24
10384;BERGS;12/16/1996 12:00:00 AM;168.64
10385;SPLIR;12/17/1996 12:00:00 AM;30.96
10386;FAMIA;12/18/1996 12:00:00 AM;13.99
10387;SANTG;12/18/1996 12:00:00 AM;93.63
10388;SEVES;12/19/1996 12:00:00 AM;34.86
10389;BOTTM;12/20/1996 12:00:00 AM;47.42
10390;ERNSH;12/23/1996 12:00:00 AM;126.38
10391;DRACD;12/23/1996 12:00:00 AM;5.45
10392;PICCO;12/24/1996 12:00:00 AM;122.46
10393;SAVEA;12/25/1996 12:00:00 AM;126.56
10394;HUNGC;12/25/1996 12:00:00 AM;30.34
10395;HILAA;12/26/1996 12:00:00 AM;184.41
10396;FRANK;12/27/1996 12:00:00 AM;135.35
10397;PRINI;12/27/1996 12:00:00 AM;60.26
10398;SAVEA;12/30/1996 12:00:00 AM;89.16
10399;VAFFE;12/31/1996 12:00:00 AM;27.36
10400;EASTC;1/1/1997 12:00:00 AM;83.93
10401;RATTC;1/1/1997 12:00:00 AM;12.51
10402;ERNSH;1/2/1997 12:00:00 AM;67.88
10403;ERNSH;1/3/1997 12:00:00 AM;73.79
10404;MAGAA;1/3/1997 12:00:00 AM;155.97
10405;LINOD;1/6/1997 12:00:00 AM;34.82
10406;QUEEN;1/7/1997 12:00:00 AM;108.04
10407;OTTIK;1/7/1997 12:00:00 AM;91.48
10408;FOLIG;1/8/1997 12:00:00 AM;11.26
10409;OCEAN;1/9/1997 12:00:00 AM;29.83
10410;BOTTM;1/10/1997 12:00:00 AM;2.40
10411;BOTTM;1/10/1997 12:00:00 AM;23.65
10412;WARTH;1/13/1997 12:00:00 AM;3.77
10413;LAMAI;1/14/1997 12:00:00 AM;95.66
10414;FAMIA;1/14/1997 12:00:00 AM;21.48
10415;HUNGC;1/15/1997 12:00:00 AM;0.20
10416;WARTH;1/16/1997 12:00:00 AM;22.72
10417;SIMOB;1/16/1997 12:00:00 AM;70.29
10418;QUICK;1/17/1997 12:00:00 AM;17.55
10419;RICSU;1/20/1997 12:00:00 AM;137.35
10420;WELLI;1/21/1997 12:00:00 AM;44.12
10421;QUEDE;1/21/1997 12:00:00 AM;99.23
10422;FRANS;1/22/1997 12:00:00 AM;3.02
10423;GOURL;1/23/1997 12:00:00 AM;24.50
10424;MEREP;1/23/1997 12:00:00 AM;370.61
10425;LAMAI;1/24/1997 12:00:00 AM;7.93
10426;GALED;1/27/1997 12:00:00 AM;18.69
10427;PICCO;1/27/1997 12:00:00 AM;31.29
10428;REGGC;1/28/1997 12:00:00 AM;11.09
10429;HUNGO;1/29/1997 12:00:00 AM;56.63
10430;ERNSH;1/30/1997 12:00:00 AM;458.78
10431;BOTTM;1/30/1997 12:00:00 AM;44.17
10432;SPLIR;1/31/1997 12:00:00 AM;4.34
10433;PRINI;2/3/1997 12:00:00 AM;73.83
10434;FOLKO;2/3/1997 12:00:00 AM;17.92
10435;CONSH;2/4/1997 12:00:00 AM;9.21
10436;BLONP;2/5/1997 12:00:00 AM;156.66
10437;WARTH;2/5/1997 12:00:00 AM;19.97
10438;TOMSP;2/6/1997 12:00:00 AM;8.24
10439;MEREP;2/7/1997 12:00:00 AM;4.07
10440;SAVEA;2/10/1997 12:00:00 AM;86.53
10441;OLDWO;2/10/1997 12:00:00 AM;73.02
10442;ERNSH;2/11/1997 12:00:00 AM;47.94
10443;REGGC;2/12/1997 12:00:00 AM;13.95
10444;BERGS;2/12/1997 12:00:00 AM;3.50
10445;BERGS;2/13/1997 12:00:00 AM;9.30
10446;TOMSP;2/14/1997 12:00:00 AM;14.68
10447;RICAR;2/14/1997 12:00:00 AM;68.66
10448;RANCH;2/17/1997 12:00:00 AM;38.82
10449;BLONP;2/18/1997 12:00:00 AM;53.30
10450;VICTE;2/19/1997 12:00:00 AM;7.23
10451;QUICK;2/19/1997 12:00:00 AM;189.09
10452;SAVEA;2/20/1997 12:00:00 AM;140.26
10453;AROUT;2/21/1997 12:00:00 AM;25.36
10454;LAMAI;2/21/1997 12:00:00 AM;2.74
10455;WARTH;2/24/1997 12:00:00 AM;180.45
10456;KOENE;2/25/1997 12:00:00 AM;8.12
10457;KOENE;2/25/1997 12:00:00 AM;11.57
10458;SUPRD;2/26/1997 12:00:00 AM;147.06
10459;VICTE;2/27/1997 12:00:00 AM;25.09
10460;FOLKO;2/28/1997 12:00:00 AM;16.27
10461;LILAS;2/28/1997 12:00:00 AM;148.61
10462;CONSH;3/3/1997 12:00:00 AM;6.17
10463;SUPRD;3/4/1997 12:00:00 AM;14.78
10464;FURIB;3/4/1997 12:00:00 AM;89.00
10465;VAFFE;3/5/1997 12:00:00 AM;145.04
10466;COMMI;3/6/1997 12:00:00 AM;11.93
10467;MAGAA;3/6/1997 12:00:00 AM;4.93
10468;KOENE;3/7/1997 12:00:00 AM;44.12
10469;WHITC;3/10/1997 12:00:00 AM;60.18
10470;BONAP;3/11/1997 12:00:00 AM;64.56
10471;BSBEV;3/11/1997 12:00:00 AM;45.59
10472;SEVES;3/12/1997 12:00:00 AM;4.20
10473;ISLAT;3/13/1997 12:00:00 AM;16.37
10474;PERIC;3/13/1997 12:00:00 AM;83.49
10475;SUPRD;3/14/1997 12:00:00 AM;68.52
10476;HILAA;3/17/1997 12:00:00 AM;4.41
10477;PRINI;3/17/1997 12:00:00 AM;13.02
10478;VICTE;3/18/1997 12:00:00 AM;4.81
10479;RATTC;3/19/1997 12:00:00 AM;708.95
10480;FOLIG;3/20/1997 12:00:00 AM;1.35
10481;RICAR;3/20/1997 12:00:00 AM;64.33
10482;LAZYK;3/21/1997 12:00:00 AM;7.48
10483;WHITC;3/24/1997 12:00:00 AM;15.28
10484;BSBEV;3/24/1997 12:00:00 AM;6.88
10485;LINOD;3/25/1997 12:00:00 AM;64.45
10486;HILAA;3/26/1997 12:00:00 AM;30.53
10487;QUEEN;3/26/1997 12:00:00 AM;71.07
10488;FRANK;3/27/1997 12:00:00 AM;4.93
10489;PICCO;3/28/1997 12:00:00 AM;5.29
10490;HILAA;3/31/1997 12:00:00 AM;210.19
10491;FURIB;3/31/1997 12:00:00 AM;16.96
10492;BOTTM;4/1/1997 12:00:00 AM;62.89
10493;LAMAI;4/2/1997 12:00:00 AM;10.64
10494;COMMI;4/2/1997 12:00:00 AM;65.99
10495;LAUGB;4/3/1997 12:00:00 AM;4.65
10496;TRADH;4/4/1997 12:00:00 AM;46.77
10497;LEHMS;4/4/1997 12:00:00 AM;36.21
10498;HILAA;4/7/1997 12:00:00 AM;29.75
10499;LILAS;4/8/1997 12:00:00 AM;102.02
10500;LAMAI;4/9/1997 12:00:00 AM;42.68
10501;BLAUS;4/9/1997 12:00:00 AM;8.85
10502;PERIC;4/10/1997 12:00:00 AM;69.32
10503;HUNGO;4/11/1997 12:00:00 AM;16.74
10504;WHITC;4/11/1997 12:00:00 AM;59.13
10505;MEREP;4/14/1997 12:00:00 AM;7.13
10506;KOENE;4/15/1997 12:00:00 AM;21.19
10507;ANTON;4/15/1997 12:00:00 AM;47.45
10508;OTTIK;4/16/1997 12:00:00 AM;4.99
10509;BLAUS;4/17/1997 12:00:00 AM;0.15
10510;SAVEA;4/18/1997 12:00:00 AM;367.63
10511;BONAP;4/18/1997 12:00:00 AM;350.64
10512;FAMIA;4/21/1997 12:00:00 AM;3.53
10513;WANDK;4/22/1997 12:00:00 AM;105.65
10514;ERNSH;4/22/1997 12:00:00 AM;789.95
10515;QUICK;4/23/1997 12:00:00 AM;204.47
10516;HUNGO;4/24/1997 12:00:00 AM;62.78
10517;NORTS;4/24/1997 12:00:00 AM;32.07
10518;TORTU;4/25/1997 12:00:00 AM;218.15
10519;CHOPS;4/28/1997 12:00:00 AM;91.76
10520;SANTG;4/29/1997 12:00:00 AM;13.37
10521;CACTU;4/29/1997 12:00:00 AM;17.22
10522;LEHMS;4/30/1997 12:00:00 AM;45.33
10523;SEVES;5/1/1997 12:00:00 AM;77.63
10524;BERGS;5/1/1997 12:00:00 AM;244.79
10525;BONAP;5/2/1997 12:00:00 AM;11.06
10526;WARTH;5/5/1997 12:00:00 AM;58.59
10527;QUICK;5/5/1997 12:00:00 AM;41.90
10528;GREAL;5/6/1997 12:00:00 AM;3.35
10529;MAISD;5/7/1997 12:00:00 AM;66.69
10530;PICCO;5/8/1997 12:00:00 AM;339.22
10531;OCEAN;5/8/1997 12:00:00 AM;8.12
10532;EASTC;5/9/1997 12:00:00 AM;74.46
10533;FOLKO;5/12/1997 12:00:00 AM;188.04
10534;LEHMS;5/12/1997 12:00:00 AM;27.94
10535;ANTON;5/13/1997 12:00:00 AM;15.64
10536;LEHMS;5/14/1997 12:00:00 AM;58.88
10537;RICSU;5/14/1997 12:00:00 AM;78.85
10538;BSBEV;5/15/1997 12:00:00 AM;4.87
10539;BSBEV;5/16/1997 12:00:00 AM;12.36
10540;QUICK;5/19/1997 12:00:00 AM;1007.64
10541;HANAR;5/19/1997 12:00:00 AM;68.65
10542;KOENE;5/20/1997 12:00:00 AM;10.95
10543;LILAS;5/21/1997 12:00:00 AM;48.17
10544;LONEP;5/21/1997 12:00:00 AM;24.91
10545;LAZYK;5/22/1997 12:00:00 AM;11.92
10546;VICTE;5/23/1997 12:00:00 AM;194.72
10547;SEVES;5/23/1997 12:00:00 AM;178.43
10548;TOMSP;5/26/1997 12:00:00 AM;1.43
10549;QUICK;5/27/1997 12:00:00 AM;171.24
10550;GODOS;5/28/1997 12:00:00 AM;4.32
10551;FURIB;5/28/1997 12:00:00 AM;72.95
10552;HILAA;5/29/1997 12:00:00 AM;83.22
10553;WARTH;5/30/1997 12:00:00 AM;149.49
10554;OTTIK;5/30/1997 12:00:00 AM;120.97
10555;SAVEA;6/2/1997 12:00:00 AM;252.49
10556;SIMOB;6/3/1997 12:00:00 AM;9.80
10557;LEHMS;6/3/1997 12:00:00 AM;96.72
10558;AROUT;6/4/1997 12:00:00 AM;72.97
10559;BLONP;6/5/1997 12:00:00 AM;8.05
10560;FRANK;6/6/1997 12:00:00 AM;36.65
10561;FOLKO;6/6/1997 12:00:00 AM;242.21
10562;REGGC;6/9/1997 12:00:00 AM;22.95
10563;RICAR;6/10/1997 12:00:00 AM;60.43
10564;RATTC;6/10/1997 12:00:00 AM;13.75
10565;MEREP;6/11/1997 12:00:00 AM;7.15
10566;BLONP;6/12/1997 12:00:00 AM;88.40
10567;HUNGO;6/12/1997 12:00:00 AM;33.97
10568;GALED;6/13/1997 12:00:00 AM;6.54
10569;RATTC;6/16/1997 12:00:00 AM;58.98
10570;MEREP;6/17/1997 12:00:00 AM;188.99
10571;ERNSH;6/17/1997 12:00:00 AM;26.06
10572;BERGS;6/18/1997 12:00:00 AM;116.43
10573;ANTON;6/19/1997 12:00:00 AM;84.84
10574;TRAIH;6/19/1997 12:00:00 AM;37.60
10575;MORGK;6/20/1997 12:00:00 AM;127.34
10576;TORTU;6/23/1997 12:00:00 AM;18.56
10577;TRAIH;6/23/1997 12:00:00 AM;25.41
10578;BSBEV;6/24/1997 12:00:00 AM;29.60
10579;LETSS;6/25/1997 12:00:00 AM;13.73
10580;OTTIK;6/26/1997 12:00:00 AM;75.89
10581;FAMIA;6/26/1997 12:00:00 AM;3.01
10582;BLAUS;6/27/1997 12:00:00 AM;27.71
10583;WARTH;6/30/1997 12:00:00 AM;7.28
10584;BLONP;6/30/1997 12:00:00 AM;59.14
10585;WELLI;7/1/1997 12:00:00 AM;13.41
10586;REGGC;7/2/1997 12:00:00 AM;0.48
10587;QUEDE;7/2/1997 12:00:00 AM;62.52
10588;QUICK;7/3/1997 12:00:00 AM;194.67
10589;GREAL;7/4/1997 12:00:00 AM;4.42
10590;MEREP;7/7/1997 12:00:00 AM;44.77
10591;VAFFE;7/7/1997 12:00:00 AM;55.92
10592;LEHMS;7/8/1997 12:00:00 AM;32.10
10593;LEHMS;7/9/1997 12:00:00 AM;174.20
10594;OLDWO;7/9/1997 12:00:00 AM;5.24
10595;ERNSH;7/10/1997 12:00:00 AM;96.78
10596;WHITC;7/11/1997 12:00:00 AM;16.34
10597;PICCO;7/11/1997 12:00:00 AM;35.12
10598;RATTC;7/14/1997 12:00:00 AM;44.42
10599;BSBEV;7/15/1997 12:00:00 AM;29.98
10600;HUNGC;7/16/1997 12:00:00 AM;45.13
10601;HILAA;7/16/1997 12:00:00 AM;58.30
10602;VAFFE;7/17/1997 12:00:00 AM;2.92
10603;SAVEA;7/18/1997 12:00:00 AM;48.77
10604;FURIB;7/18/1997 12:00:00 AM;7.46
10605;MEREP;7/21/1997 12:00:00 AM;379.13
10606;TRADH;7/22/1997 12:00:00 AM;79.40
10607;SAVEA;7/22/1997 12:00:00 AM;200.24
10608;TOMSP;7/23/1997 12:00:00 AM;27.79
10609;DUMON;7/24/1997 12:00:00 AM;1.85
10610;LAMAI;7/25/1997 12:00:00 AM;26.78
10611;WOLZA;7/25/1997 12:00:00 AM;80.65
10612;SAVEA;7/28/1997 12:00:00 AM;544.08
10613;HILAA;7/29/1997 12:00:00 AM;8.11
10614;BLAUS;7/29/1997 12:00:00 AM;1.93
10615;WILMK;7/30/1997 12:00:00 AM;0.75
10616;GREAL;7/31/1997 12:00:00 AM;116.53
10617;GREAL;7/31/1997 12:00:00 AM;18.53
10618;MEREP;8/1/1997 12:00:00 AM;154.68
10619;MEREP;8/4/1997 12:00:00 AM;91.05
10620;LAUGB;8/5/1997 12:00:00 AM;0.94
10621;ISLAT;8/5/1997 12:00:00 AM;23.73
10622;RICAR;8/6/1997 12:00:00 AM;50.97
10623;FRANK;8/7/1997 12:00:00 AM;97.18
10624;THECR;8/7/1997 12:00:00 AM;94.80
10625;ANATR;8/8/1997 12:00:00 AM;43.90
10626;BERGS;8/11/1997 12:00:00 AM;138.69
10627;SAVEA;8/11/1997 12:00:00 AM;107.46
10628;BLONP;8/12/1997 12:00:00 AM;30.36
10629;GODOS;8/12/1997 12:00:00 AM;85.46
10630;KOENE;8/13/1997 12:00:00 AM;32.35
10631;LAMAI;8/14/1997 12:00:00 AM;0.87
10632;WANDK;8/14/1997 12:00:00 AM;41.38
10633;ERNSH;8/15/1997 12:00:00 AM;477.90
10634;FOLIG;8/15/1997 12:00:00 AM;487.38
10635;MAGAA;8/18/1997 12:00:00 AM;47.46
10636;WARTH;8/19/1997 12:00:00 AM;1.15
10637;QUEEN;8/19/1997 12:00:00 AM;201.29
10638;LINOD;8/20/1997 12:00:00 AM;158.44
10639;SANTG;8/20/1997 12:00:00 AM;38.64
10640;WANDK;8/21/1997 12:00:00 AM;23.55
10641;HILAA;8/22/1997 12:00:00 AM;179.61
10642;SIMOB;8/22/1997 12:00:00 AM;41.89
10643;ALFKI;8/25/1997 12:00:00 AM;29.46
10644;WELLI;8/25/1997 12:00:00 AM;0.14
10645;HANAR;8/26/1997 12:00:00 AM;12.41
10646;HUNGO;8/27/1997 12:00:00 AM;142.33
10647;QUEDE;8/27/1997 12:00:00 AM;45.54
10648;RICAR;8/28/1997 12:00:00 AM;14.25
10649;MAISD;8/28/1997 12:00:00 AM;6.20
10650;FAMIA;8/29/1997 12:00:00 AM;176.81
10651;WANDK;9/1/1997 12:00:00 AM;20.60
10652;GOURL;9/1/1997 12:00:00 AM;7.14
10653;FRANK;9/2/1997 12:00:00 AM;93.25
10654;BERGS;9/2/1997 12:00:00 AM;55.26
10655;REGGC;9/3/1997 12:00:00 AM;4.41
10656;GREAL;9/4/1997 12:00:00 AM;57.15
10657;SAVEA;9/4/1997 12:00:00 AM;352.69
10658;QUICK;9/5/1997 12:00:00 AM;364.15
10659;QUEEN;9/5/1997 12:00:00 AM;105.81
10660;HUNGC;9/8/1997 12:00:00 AM;111.29
10661;HUNGO;9/9/1997 12:00:00 AM;17.55
10662;LONEP;9/9/1997 12:00:00 AM;1.28
10663;BONAP;9/10/1997 12:00:00 AM;113.15
10664;FURIB;9/10/1997 12:00:00 AM;1.27
10665;LONEP;9/11/1997 12:00:00 AM;26.31
10666;RICSU;9/12/1997 12:00:00 AM;232.42
10667;ERNSH;9/12/1997 12:00:00 AM;78.09
10668;WANDK;9/15/1997 12:00:00 AM;47.22
10669;SIMOB;9/15/1997 12:00:00 AM;24.39
10670;FRANK;9/16/1997 12:00:00 AM;203.48
10671;FRANR;9/17/1997 12:00:00 AM;30.34
10672;BERGS;9/17/1997 12:00:00 AM;95.75
10673;WILMK;9/18/1997 12:00:00 AM;22.76
10674;ISLAT;9/18/1997 12:00:00 AM;0.90
10675;FRANK;9/19/1997 12:00:00 AM;31.85
10676;TORTU;9/22/1997 12:00:00 AM;2.01
10677;ANTON;9/22/1997 12:00:00 AM;4.03
10678;SAVEA;9/23/1997 12:00:00 AM;388.98
10679;BLONP;9/23/1997 12:00:00 AM;27.94
10680;OLDWO;9/24/1997 12:00:00 AM;26.61
10681;GREAL;9/25/1997 12:00:00 AM;76.13
10682;ANTON;9/25/1997 12:00:00 AM;36.13
10683;DUMON;9/26/1997 12:00:00 AM;4.40
10684;OTTIK;9/26/1997 12:00:00 AM;145.63
10685;GOURL;9/29/1997 12:00:00 AM;33.75
10686;PICCO;9/30/1997 12:00:00 AM;96.50
10687;HUNGO;9/30/1997 12:00:00 AM;296.43
10688;VAFFE;10/1/1997 12:00:00 AM;299.09
10689;BERGS;10/1/1997 12:00:00 AM;13.42
10690;HANAR;10/2/1997 12:00:00 AM;15.80
10691;QUICK;10/3/1997 12:00:00 AM;810.05
10692;ALFKI;10/3/1997 12:00:00 AM;61.02
10693;WHITC;10/6/1997 12:00:00 AM;139.34
10694;QUICK;10/6/1997 12:00:00 AM;398.36
10695;WILMK;10/7/1997 12:00:00 AM;16.72
10696;WHITC;10/8/1997 12:00:00 AM;102.55
10697;LINOD;10/8/1997 12:00:00 AM;45.52
10698;ERNSH;10/9/1997 12:00:00 AM;272.47
10699;MORGK;10/9/1997 12:00:00 AM;0.58
10700;SAVEA;10/10/1997 12:00:00 AM;65.10
10701;HUNGO;10/13/1997 12:00:00 AM;220.31
10702;ALFKI;10/13/1997 12:00:00 AM;23.94
10703;FOLKO;10/14/1997 12:00:00 AM;152.30
10704;QUEEN;10/14/1997 12:00:00 AM;4.78
10705;HILAA;10/15/1997 12:00:00 AM;3.52
10706;OLDWO;10/16/1997 12:00:00 AM;135.63
10707;AROUT;10/16/1997 12:00:00 AM;21.74
10708;THEBI;10/17/1997 12:00:00 AM;2.96
10709;GOURL;10/17/1997 12:00:00 AM;210.80
10710;FRANS;10/20/1997 12:00:00 AM;4.98
10711;SAVEA;10/21/1997 12:00:00 AM;52.41
10712;HUNGO;10/21/1997 12:00:00 AM;89.93
10713;SAVEA;10/22/1997 12:00:00 AM;167.05
10714;SAVEA;10/22/1997 12:00:00 AM;24.49
10715;BONAP;10/23/1997 12:00:00 AM;63.20
10716;RANCH;10/24/1997 12:00:00 AM;22.57
10717;FRANK;10/24/1997 12:00:00 AM;59.25
10718;KOENE;10/27/1997 12:00:00 AM;170.88
10719;LETSS;10/27/1997 12:00:00 AM;51.44
10720;QUEDE;10/28/1997 12:00:00 AM;9.53
10721;QUICK;10/29/1997 12:00:00 AM;48.92
10722;SAVEA;10/29/1997 12:00:00 AM;74.58
10723;WHITC;10/30/1997 12:00:00 AM;21.72
10724;MEREP;10/30/1997 12:00:00 AM;57.75
10725;FAMIA;10/31/1997 12:00:00 AM;10.83
10726;EASTC;11/3/1997 12:00:00 AM;16.56
10727;REGGC;11/3/1997 12:00:00 AM;89.90
10728;QUEEN;11/4/1997 12:00:00 AM;58.33
10729;LINOD;11/4/1997 12:00:00 AM;141.06
10730;BONAP;11/5/1997 12:00:00 AM;20.12
10731;CHOPS;11/6/1997 12:00:00 AM;96.65
10732;BONAP;11/6/1997 12:00:00 AM;16.97
10733;BERGS;11/7/1997 12:00:00 AM;110.11
10734;GOURL;11/7/1997 12:00:00 AM;1.63
10735;LETSS;11/10/1997 12:00:00 AM;45.97
10736;HUNGO;11/11/1997 12:00:00 AM;44.10
10737;VINET;11/11/1997 12:00:00 AM;7.79
10738;SPECD;11/12/1997 12:00:00 AM;2.91
10739;VINET;11/12/1997 12:00:00 AM;11.08
10740;WHITC;11/13/1997 12:00:00 AM;81.88
10741;AROUT;11/14/1997 12:00:00 AM;10.96
10742;BOTTM;11/14/1997 12:00:00 AM;243.73
10743;AROUT;11/17/1997 12:00:00 AM;23.72
10744;VAFFE;11/17/1997 12:00:00 AM;69.19
10745;QUICK;11/18/1997 12:00:00 AM;3.52
10746;CHOPS;11/19/1997 12:00:00 AM;31.43
10747;PICCO;11/19/1997 12:00:00 AM;117.33
10748;SAVEA;11/20/1997 12:00:00 AM;232.55
10749;ISLAT;11/20/1997 12:00:00 AM;61.53
10750;WARTH;11/21/1997 12:00:00 AM;79.30
10751;RICSU;11/24/1997 12:00:00 AM;130.79
10752;NORTS;11/24/1997 12:00:00 AM;1.39
10753;FRANS;11/25/1997 12:00:00 AM;7.70
10754;MAGAA;11/25/1997 12:00:00 AM;2.38
10755;BONAP;11/26/1997 12:00:00 AM;16.71
10756;SPLIR;11/27/1997 12:00:00 AM;73.21
10757;SAVEA;11/27/1997 12:00:00 AM;8.19
10758;RICSU;11/28/1997 12:00:00 AM;138.17
10759;ANATR;11/28/1997 12:00:00 AM;11.99
10760;MAISD;12/1/1997 12:00:00 AM;155.64
10761;RATTC;12/2/1997 12:00:00 AM;18.66
10762;FOLKO;12/2/1997 12:00:00 AM;328.74
10763;FOLIG;12/3/1997 12:00:00 AM;37.35
10764;ERNSH;12/3/1997 12:00:00 AM;145.45
10765;QUICK;12/4/1997 12:00:00 AM;42.74
10766;OTTIK;12/5/1997 12:00:00 AM;157.55
10767;SUPRD;12/5/1997 12:00:00 AM;1.59
10768;AROUT;12/8/1997 12:00:00 AM;146.32
10769;VAFFE;12/8/1997 12:00:00 AM;65.06
10770;HANAR;12/9/1997 12:00:00 AM;5.32
10771;ERNSH;12/10/1997 12:00:00 AM;11.19
10772;LEHMS;12/10/1997 12:00:00 AM;91.28
10773;ERNSH;12/11/1997 12:00:00 AM;96.43
10774;FOLKO;12/11/1997 12:00:00 AM;48.20
10775;THECR;12/12/1997 12:00:00 AM;20.25
10776;ERNSH;12/15/1997 12:00:00 AM;351.53
10777;GOURL;12/15/1997 12:00:00 AM;3.01
10778;BERGS;12/16/1997 12:00:00 AM;6.79
10779;MORGK;12/16/1997 12:00:00 AM;58.13
10780;LILAS;12/16/1997 12:00:00 AM;42.13
10781;WARTH;12/17/1997 12:00:00 AM;73.16
10782;CACTU;12/17/1997 12:00:00 AM;1.10
10783;HANAR;12/18/1997 12:00:00 AM;124.98
10784;MAGAA;12/18/1997 12:00:00 AM;70.09
10785;GROSR;12/18/1997 12:00:00 AM;1.51
10786;QUEEN;12/19/1997 12:00:00 AM;110.87
10787;LAMAI;12/19/1997 12:00:00 AM;249.93
10788;QUICK;12/22/1997 12:00:00 AM;42.70
10789;FOLIG;12/22/1997 12:00:00 AM;100.60
10790;GOURL;12/22/1997 12:00:00 AM;28.23
10791;FRANK;12/23/1997 12:00:00 AM;16.85
10792;WOLZA;12/23/1997 12:00:00 AM;23.79
10793;AROUT;12/24/1997 12:00:00 AM;4.52
10794;QUEDE;12/24/1997 12:00:00 AM;21.49
10795;ERNSH;12/24/1997 12:00:00 AM;126.66
10796;HILAA;12/25/1997 12:00:00 AM;26.52
10797;DRACD;12/25/1997 12:00:00 AM;33.35
10798;ISLAT;12/26/1997 12:00:00 AM;2.33
10799;KOENE;12/26/1997 12:00:00 AM;30.76
10800;SEVES;12/26/1997 12:00:00 AM;137.44
10801;BOLID;12/29/1997 12:00:00 AM;97.09
10802;SIMOB;12/29/1997 12:00:00 AM;257.26
10803;WELLI;12/30/1997 12:00:00 AM;55.23
10804;SEVES;12/30/1997 12:00:00 AM;27.33
10805;THEBI;12/30/1997 12:00:00 AM;237.34
10806;VICTE;12/31/1997 12:00:00 AM;22.11
10807;FRANS;12/31/1997 12:00:00 AM;1.36
10808;OLDWO;1/1/1998 12:00:00 AM;45.53
10809;WELLI;1/1/1998 12:00:00 AM;4.87
10810;LAUGB;1/1/1998 12:00:00 AM;4.33
10811;LINOD;1/2/1998 12:00:00 AM;31.22
10812;REGGC;1/2/1998 12:00:00 AM;59.78
10813;RICAR;1/5/1998 12:00:00 AM;47.38
10814;VICTE;1/5/1998 12:00:00 AM;130.94
10815;SAVEA;1/5/1998 12:00:00 AM;14.62
10816;GREAL;1/6/1998 12:00:00 AM;719.78
10817;KOENE;1/6/1998 12:00:00 AM;306.07
10818;MAGAA;1/7/1998 12:00:00 AM;65.48
10819;CACTU;1/7/1998 12:00:00 AM;19.76
10820;RATTC;1/7/1998 12:00:00 AM;37.52
10821;SPLIR;1/8/1998 12:00:00 AM;36.68
10822;TRAIH;1/8/1998 12:00:00 AM;7.00
10823;LILAS;1/9/1998 12:00:00 AM;163.97
10824;FOLKO;1/9/1998 12:00:00 AM;1.23
10825;DRACD;1/9/1998 12:00:00 AM;79.25
10826;BLONP;1/12/1998 12:00:00 AM;7.09
10827;BONAP;1/12/1998 12:00:00 AM;63.54
10828;RANCH;1/13/1998 12:00:00 AM;90.85
10829;ISLAT;1/13/1998 12:00:00 AM;154.72
10830;TRADH;1/13/1998 12:00:00 AM;81.83
10831;SANTG;1/14/1998 12:00:00 AM;72.19
10832;LAMAI;1/14/1998 12:00:00 AM;43.26
10833;OTTIK;1/15/1998 12:00:00 AM;71.49
10834;TRADH;1/15/1998 12:00:00 AM;29.78
10835;ALFKI;1/15/1998 12:00:00 AM;69.53
10836;ERNSH;1/16/1998 12:00:00 AM;411.88
10837;BERGS;1/16/1998 12:00:00 AM;13.32
10838;LINOD;1/19/1998 12:00:00 AM;59.28
10839;TRADH;1/19/1998 12:00:00 AM;35.43
10840;LINOD;1/19/1998 12:00:00 AM;2.71
10841;SUPRD;1/20/1998 12:00:00 AM;424.30
10842;TORTU;1/20/1998 12:00:00 AM;54.42
10843;VICTE;1/21/1998 12:00:00 AM;9.26
10844;PICCO;1/21/1998 12:00:00 AM;25.22
10845;QUICK;1/21/1998 12:00:00 AM;212.98
10846;SUPRD;1/22/1998 12:00:00 AM;56.46
10847;SAVEA;1/22/1998 12:00:00 AM;487.57
10848;CONSH;1/23/1998 12:00:00 AM;38.24
10849;KOENE;1/23/1998 12:00:00 AM;0.56
10850;VICTE;1/23/1998 12:00:00 AM;49.19
10851;RICAR;1/26/1998 12:00:00 AM;160.55
10852;RATTC;1/26/1998 12:00:00 AM;174.05
10853;BLAUS;1/27/1998 12:00:00 AM;53.83
10854;ERNSH;1/27/1998 12:00:00 AM;100.22
10855;OLDWO;1/27/1998 12:00:00 AM;170.97
10856;ANTON;1/28/1998 12:00:00 AM;58.43
10857;BERGS;1/28/1998 12:00:00 AM;188.85
10858;LACOR;1/29/1998 12:00:00 AM;52.51
10859;FRANK;1/29/1998 12:00:00 AM;76.10
10860;FRANR;1/29/1998 12:00:00 AM;19.26
10861;WHITC;1/30/1998 12:00:00 AM;14.93
10862;LEHMS;1/30/1998 12:00:00 AM;53.23
10863;HILAA;2/2/1998 12:00:00 AM;30.26
10864;AROUT;2/2/1998 12:00:00 AM;3.04
10865;QUICK;2/2/1998 12:00:00 AM;348.14
10866;BERGS;2/3/1998 12:00:00 AM;109.11
10867;LONEP;2/3/1998 12:00:00 AM;1.93
10868;QUEEN;2/4/1998 12:00:00 AM;191.27
10869;SEVES;2/4/1998 12:00:00 AM;143.28
10870;WOLZA;2/4/1998 12:00:00 AM;12.04
10871;BONAP;2/5/1998 12:00:00 AM;112.27
10872;GODOS;2/5/1998 12:00:00 AM;175.32
10873;WILMK;2/6/1998 12:00:00 AM;0.82
10874;GODOS;2/6/1998 12:00:00 AM;19.58
10875;BERGS;2/6/1998 12:00:00 AM;32.37
10876;BONAP;2/9/1998 12:00:00 AM;60.42
10877;RICAR;2/9/1998 12:00:00 AM;38.06
10878;QUICK;2/10/1998 12:00:00 AM;46.69
10879;WILMK;2/10/1998 12:00:00 AM;8.50
10880;FOLKO;2/10/1998 12:00:00 AM;88.01
10881;CACTU;2/11/1998 12:00:00 AM;2.84
10882;SAVEA;2/11/1998 12:00:00 AM;23.10
10883;LONEP;2/12/1998 12:00:00 AM;0.53
10884;LETSS;2/12/1998 12:00:00 AM;90.97
10885;SUPRD;2/12/1998 12:00:00 AM;5.64
10886;HANAR;2/13/1998 12:00:00 AM;4.99
10887;GALED;2/13/1998 12:00:00 AM;1.25
10888;GODOS;2/16/1998 12:00:00 AM;51.87
10889;RATTC;2/16/1998 12:00:00 AM;280.61
10890;DUMON;2/16/1998 12:00:00 AM;32.76
10891;LEHMS;2/17/1998 12:00:00 AM;20.37
10892;MAISD;2/17/1998 12:00:00 AM;120.27
10893;KOENE;2/18/1998 12:00:00 AM;77.78
10894;SAVEA;2/18/1998 12:00:00 AM;116.13
10895;ERNSH;2/18/1998 12:00:00 AM;162.75
10896;MAISD;2/19/1998 12:00:00 AM;32.45
10897;HUNGO;2/19/1998 12:00:00 AM;603.54
10898;OCEAN;2/20/1998 12:00:00 AM;1.27
10899;LILAS;2/20/1998 12:00:00 AM;1.21
10900;WELLI;2/20/1998 12:00:00 AM;1.66
10901;HILAA;2/23/1998 12:00:00 AM;62.09
10902;FOLKO;2/23/1998 12:00:00 AM;44.15
10903;HANAR;2/24/1998 12:00:00 AM;36.71
10904;WHITC;2/24/1998 12:00:00 AM;162.95
10905;WELLI;2/24/1998 12:00:00 AM;13.72
10906;WOLZA;2/25/1998 12:00:00 AM;26.29
10907;SPECD;2/25/1998 12:00:00 AM;9.19
10908;REGGC;2/26/1998 12:00:00 AM;32.96
10909;SANTG;2/26/1998 12:00:00 AM;53.05
10910;WILMK;2/26/1998 12:00:00 AM;38.11
10911;GODOS;2/26/1998 12:00:00 AM;38.19
10912;HUNGO;2/26/1998 12:00:00 AM;580.91
10913;QUEEN;2/26/1998 12:00:00 AM;33.05
10914;QUEEN;2/27/1998 12:00:00 AM;21.19
10915;TORTU;2/27/1998 12:00:00 AM;3.51
10916;RANCH;2/27/1998 12:00:00 AM;63.77
10917;ROMEY;3/2/1998 12:00:00 AM;8.29
10918;BOTTM;3/2/1998 12:00:00 AM;48.83
10919;LINOD;3/2/1998 12:00:00 AM;19.80
10920;AROUT;3/3/1998 12:00:00 AM;29.61
10921;VAFFE;3/3/1998 12:00:00 AM;176.48
10922;HANAR;3/3/1998 12:00:00 AM;62.74
10923;LAMAI;3/3/1998 12:00:00 AM;68.26
10924;BERGS;3/4/1998 12:00:00 AM;151.52
10925;HANAR;3/4/1998 12:00:00 AM;2.27
10926;ANATR;3/4/1998 12:00:00 AM;39.92
10927;LACOR;3/5/1998 12:00:00 AM;19.79
10928;GALED;3/5/1998 12:00:00 AM;1.36
10929;FRANK;3/5/1998 12:00:00 AM;33.93
10930;SUPRD;3/6/1998 12:00:00 AM;15.55
10931;RICSU;3/6/1998 12:00:00 AM;13.60
10932;BONAP;3/6/1998 12:00:00 AM;134.64
10933;ISLAT;3/6/1998 12:00:00 AM;54.15
10934;LEHMS;3/9/1998 12:00:00 AM;32.01
10935;WELLI;3/9/1998 12:00:00 AM;47.59
10936;GREAL;3/9/1998 12:00:00 AM;33.68
10937;CACTU;3/10/1998 12:00:00 AM;31.51
10938;QUICK;3/10/1998 12:00:00 AM;31.89
10939;MAGAA;3/10/1998 12:00:00 AM;76.33
10940;BONAP;3/11/1998 12:00:00 AM;19.77
10941;SAVEA;3/11/1998 12:00:00 AM;400.81
10942;REGGC;3/11/1998 12:00:00 AM;17.95
10943;BSBEV;3/11/1998 12:00:00 AM;2.17
10944;BOTTM;3/12/1998 12:00:00 AM;52.92
10945;MORGK;3/12/1998 12:00:00 AM;10.22
10946;VAFFE;3/12/1998 12:00:00 AM;27.20
10947;BSBEV;3/13/1998 12:00:00 AM;3.26
10948;GODOS;3/13/1998 12:00:00 AM;23.39
10949;BOTTM;3/13/1998 12:00:00 AM;74.44
10950;MAGAA;3/16/1998 12:00:00 AM;2.50
10951;RICSU;3/16/1998 12:00:00 AM;30.85
10952;ALFKI;3/16/1998 12:00:00 AM;40.42
10953;AROUT;3/16/1998 12:00:00 AM;23.72
10954;LINOD;3/17/1998 12:00:00 AM;27.91
10955;FOLKO;3/17/1998 12:00:00 AM;3.26
10956;BLAUS;3/17/1998 12:00:00 AM;44.65
10957;HILAA;3/18/1998 12:00:00 AM;105.36
10958;OCEAN;3/18/1998 12:00:00 AM;49.56
10959;GOURL;3/18/1998 12:00:00 AM;4.98
10960;HILAA;3/19/1998 12:00:00 AM;2.08
10961;QUEEN;3/19/1998 12:00:00 AM;104.47
10962;QUICK;3/19/1998 12:00:00 AM;275.79
10963;FURIB;3/19/1998 12:00:00 AM;2.70
10964;SPECD;3/20/1998 12:00:00 AM;87.38
10965;OLDWO;3/20/1998 12:00:00 AM;144.38
10966;CHOPS;3/20/1998 12:00:00 AM;27.19
10967;TOMSP;3/23/1998 12:00:00 AM;62.22
10968;ERNSH;3/23/1998 12:00:00 AM;74.60
10969;COMMI;3/23/1998 12:00:00 AM;0.21
10970;BOLID;3/24/1998 12:00:00 AM;16.16
10971;FRANR;3/24/1998 12:00:00 AM;121.82
10972;LACOR;3/24/1998 12:00:00 AM;0.02
10973;LACOR;3/24/1998 12:00:00 AM;15.17
10974;SPLIR;3/25/1998 12:00:00 AM;12.96
10975;BOTTM;3/25/1998 12:00:00 AM;32.27
10976;HILAA;3/25/1998 12:00:00 AM;37.97
10977;FOLKO;3/26/1998 12:00:00 AM;208.50
10978;MAISD;3/26/1998 12:00:00 AM;32.82
10979;ERNSH;3/26/1998 12:00:00 AM;353.07
10980;FOLKO;3/27/1998 12:00:00 AM;1.26
10981;HANAR;3/27/1998 12:00:00 AM;193.37
10982;BOTTM;3/27/1998 12:00:00 AM;14.01
10983;SAVEA;3/27/1998 12:00:00 AM;657.54
10984;SAVEA;3/30/1998 12:00:00 AM;211.22
10985;HUNGO;3/30/1998 12:00:00 AM;91.51
10986;OCEAN;3/30/1998 12:00:00 AM;217.86
10987;EASTC;3/31/1998 12:00:00 AM;185.48
10988;RATTC;3/31/1998 12:00:00 AM;61.14
10989;QUEDE;3/31/1998 12:00:00 AM;34.76
10990;ERNSH;4/1/1998 12:00:00 AM;117.61
10991;QUICK;4/1/1998 12:00:00 AM;38.51
10992;THEBI;4/1/1998 12:00:00 AM;4.27
10993;FOLKO;4/1/1998 12:00:00 AM;8.81
10994;VAFFE;4/2/1998 12:00:00 AM;65.53
10995;PERIC;4/2/1998 12:00:00 AM;46.00
10996;QUICK;4/2/1998 12:00:00 AM;1.12
10997;LILAS;4/3/1998 12:00:00 AM;73.91
10998;WOLZA;4/3/1998 12:00:00 AM;20.31
10999;OTTIK;4/3/1998 12:00:00 AM;96.35
11000;RATTC;4/6/1998 12:00:00 AM;55.12
11001;FOLKO;4/6/1998 12:00:00 AM;197.30
11002;SAVEA;4/6/1998 12:00:00 AM;141.16
11003;THECR;4/6/1998 12:00:00 AM;14.91
11004;MAISD;4/7/1998 12:00:00 AM;44.84
11005;WILMK;4/7/1998 12:00:00 AM;0.75
11006;GREAL;4/7/1998 12:00:00 AM;25.19
11007;PRINI;4/8/1998 12:00:00 AM;202.24
11008;ERNSH;4/8/1998 12:00:00 AM;79.46
11009;GODOS;4/8/1998 12:00:00 AM;59.11
11010;REGGC;4/9/1998 12:00:00 AM;28.71
11011;ALFKI;4/9/1998 12:00:00 AM;1.21
11012;FRANK;4/9/1998 12:00:00 AM;242.95
11013;ROMEY;4/9/1998 12:00:00 AM;32.99
11014;LINOD;4/10/1998 12:00:00 AM;23.60
11015;SANTG;4/10/1998 12:00:00 AM;4.62
11016;AROUT;4/10/1998 12:00:00 AM;33.80
11017;ERNSH;4/13/1998 12:00:00 AM;754.26
11018;LONEP;4/13/1998 12:00:00 AM;11.65
11019;RANCH;4/13/1998 12:00:00 AM;3.17
11020;OTTIK;4/14/1998 12:00:00 AM;43.30
11021;QUICK;4/14/1998 12:00:00 AM;297.18
11022;HANAR;4/14/1998 12:00:00 AM;6.27
11023;BSBEV;4/14/1998 12:00:00 AM;123.83
11024;EASTC;4/15/1998 12:00:00 AM;74.36
11025;WARTH;4/15/1998 12:00:00 AM;29.17
11026;FRANS;4/15/1998 12:00:00 AM;47.09
11027;BOTTM;4/16/1998 12:00:00 AM;52.52
11028;KOENE;4/16/1998 12:00:00 AM;29.59
11029;CHOPS;4/16/1998 12:00:00 AM;47.84
11030;SAVEA;4/17/1998 12:00:00 AM;830.75
11031;SAVEA;4/17/1998 12:00:00 AM;227.22
11032;WHITC;4/17/1998 12:00:00 AM;606.19
11033;RICSU;4/17/1998 12:00:00 AM;84.74
11034;OLDWO;4/20/1998 12:00:00 AM;40.32
11035;SUPRD;4/20/1998 12:00:00 AM;0.17
11036;DRACD;4/20/1998 12:00:00 AM;149.47
11037;GODOS;4/21/1998 12:00:00 AM;3.20
11038;SUPRD;4/21/1998 12:00:00 AM;29.59
11039;LINOD;4/21/1998 12:00:00 AM;65.00
11040;GREAL;4/22/1998 12:00:00 AM;18.84
11041;CHOPS;4/22/1998 12:00:00 AM;48.22
11042;COMMI;4/22/1998 12:00:00 AM;29.99
11043;SPECD;4/22/1998 12:00:00 AM;8.80
11044;WOLZA;4/23/1998 12:00:00 AM;8.72
11045;BOTTM;4/23/1998 12:00:00 AM;70.58
11046;WANDK;4/23/1998 12:00:00 AM;71.64
11047;EASTC;4/24/1998 12:00:00 AM;46.62
11048;BOTTM;4/24/1998 12:00:00 AM;24.12
11049;GOURL;4/24/1998 12:00:00 AM;8.34
11050;FOLKO;4/27/1998 12:00:00 AM;59.41
11051;LAMAI;4/27/1998 12:00:00 AM;2.79
11052;HANAR;4/27/1998 12:00:00 AM;67.26
11053;PICCO;4/27/1998 12:00:00 AM;53.05
11054;CACTU;4/28/1998 12:00:00 AM;0.33
11055;HILAA;4/28/1998 12:00:00 AM;120.92
11056;EASTC;4/28/1998 12:00:00 AM;278.96
11057;NORTS;4/29/1998 12:00:00 AM;4.13
11058;BLAUS;4/29/1998 12:00:00 AM;31.14
11059;RICAR;4/29/1998 12:00:00 AM;85.80
11060;FRANS;4/30/1998 12:00:00 AM;10.98
11061;GREAL;4/30/1998 12:00:00 AM;14.01
11062;REGGC;4/30/1998 12:00:00 AM;29.93
11063;HUNGO;4/30/1998 12:00:00 AM;81.73
11064;SAVEA;5/1/1998 12:00:00 AM;30.09
11065;LILAS;5/1/1998 12:00:00 AM;12.91
11066;WHITC;5/1/1998 12:00:00 AM;44.72
11067;DRACD;5/4/1998 12:00:00 AM;7.98
11068;QUEEN;5/4/1998 12:00:00 AM;81.75
11069;TORTU;5/4/1998 12:00:00 AM;15.67
11070;LEHMS;5/5/1998 12:00:00 AM;136.00
11071;LILAS;5/5/1998 12:00:00 AM;0.93
11072;ERNSH;5/5/1998 12:00:00 AM;258.64
11073;PERIC;5/5/1998 12:00:00 AM;24.95
11074;SIMOB;5/6/1998 12:00:00 AM;18.44
11075;RICSU;5/6/1998 12:00:00 AM;6.19
11076;BONAP;5/6/1998 12:00:00 AM;38.28
11077;RATTC;5/6/1998 12:00:00 AM;8.53
